code,sector_code,sector_name,industry_code,industry_name,updated_at,source
ADBE,,Information Technology,,Application Software,2026-02-13T12:14:28.110117,WIKI_SP500
AMD,,Information Technology,,Semiconductors,2026-02-13T12:14:28.110247,WIKI_SP500
ABNB,,Consumer Discretionary,,"Hotels, Resorts & Cruise Lines",2026-02-13T12:14:28.111117,WIKI_SP500
ALNY,,Health Care,,Biotechnology,2026-02-13T12:14:28.604069,WIKI_NASDAQ100
GOOGL,,Communication Services,,Interactive Media & Services,2026-02-13T12:14:28.112813,WIKI_SP500
GOOG,,Communication Services,,Interactive Media & Services,2026-02-13T12:14:28.113075,WIKI_SP500
AMZN,,Consumer Discretionary,,Broadline Retail,2026-02-13T12:14:28.113552,WIKI_SP500
AEP,,Utilities,,Electric Utilities,2026-02-13T12:14:28.114111,WIKI_SP500
AMGN,,Health Care,,Biotechnology,2026-02-13T12:14:28.115303,WIKI_SP500
ADI,,Information Technology,,Semiconductors,2026-02-13T12:14:28.115684,WIKI_SP500
AAPL,,Information Technology,,"Technology Hardware, Storage & Peripherals",2026-02-13T12:14:28.116176,WIKI_SP500
AMAT,,Information Technology,,Semiconductor Materials & Equipment,2026-02-13T12:14:28.116341,WIKI_SP500
APP,,Information Technology,,Application Software,2026-02-13T12:14:28.116526,WIKI_SP500
ARM,,Information Technology,,Semiconductors,2026-02-13T12:14:28.604274,WIKI_NASDAQ100
ASML,,Information Technology,,Industrial Machinery,2026-02-13T12:14:28.604430,WIKI_NASDAQ100
TEAM,,Information Technology,,Computer Software,2026-02-13T12:14:28.604554,WIKI_NASDAQ100
ADSK,,Information Technology,,Application Software,2026-02-13T12:14:28.118028,WIKI_SP500
ADP,,Industrials,,Human Resource & Employment Services,2026-02-13T12:14:28.118194,WIKI_SP500
AXON,,Industrials,,Aerospace & Defense,2026-02-13T12:14:28.118863,WIKI_SP500
BKR,,Energy,,Oil & Gas Equipment & Services,2026-02-13T12:14:28.119070,WIKI_SP500
BKNG,,Consumer Discretionary,,"Hotels, Resorts & Cruise Lines",2026-02-13T12:14:28.200261,WIKI_SP500
AVGO,,Information Technology,,Semiconductors,2026-02-13T12:14:28.200886,WIKI_SP500
CDNS,,Information Technology,,Application Software,2026-02-13T12:14:28.202467,WIKI_SP500
CHTR,,Communication Services,,Cable & Satellite,2026-02-13T12:14:28.206031,WIKI_SP500
CTAS,,Industrials,,Diversified Support Services,2026-02-13T12:14:28.207215,WIKI_SP500
CSCO,,Information Technology,,Communications Equipment,2026-02-13T12:14:28.207333,WIKI_SP500
CCEP,,Consumer Staples,,Soft Drinks,2026-02-13T12:14:28.604789,WIKI_NASDAQ100
CTSH,,Information Technology,,IT Consulting & Other Services,2026-02-13T12:14:28.208318,WIKI_SP500
CMCSA,,Communication Services,,Cable & Satellite,2026-02-13T12:14:28.208904,WIKI_SP500
CEG,,Utilities,,Electric Utilities,2026-02-13T12:14:28.210250,WIKI_SP500
CPRT,,Industrials,,Diversified Support Services,2026-02-13T12:14:28.210613,WIKI_SP500
CSGP,,Real Estate,,Real Estate Services,2026-02-13T12:14:28.211273,WIKI_SP500
COST,,Consumer Staples,,Consumer Staples Merchandise Retail,2026-02-13T12:14:28.211448,WIKI_SP500
CRWD,,Information Technology,,Systems Software,2026-02-13T12:14:28.211958,WIKI_SP500
CSX,,Industrials,,Rail Transportation,2026-02-13T12:14:28.212295,WIKI_SP500
DDOG,,Information Technology,,Application Software,2026-02-13T12:14:28.212984,WIKI_SP500
DXCM,,Health Care,,Health Care Equipment,2026-02-13T12:14:28.213986,WIKI_SP500
FANG,,Energy,,Oil & Gas Exploration & Production,2026-02-13T12:14:28.214107,WIKI_SP500
DASH,,Consumer Discretionary,,Specialized Consumer Services,2026-02-13T12:14:28.214987,WIKI_SP500
EA,,Communication Services,,Interactive Home Entertainment,2026-02-13T12:14:28.217107,WIKI_SP500
EXC,,Utilities,,Electric Utilities,2026-02-13T12:14:28.219816,WIKI_SP500
FAST,,Industrials,,Trading Companies & Distributors,2026-02-13T12:14:28.221140,WIKI_SP500
FER,,Industrials,,"Military, Government, Technical",2026-02-13T12:14:28.604916,WIKI_NASDAQ100
FTNT,,Information Technology,,Systems Software,2026-02-13T12:14:28.300852,WIKI_SP500
GEHC,,Health Care,,Health Care Equipment,2026-02-13T12:14:28.302443,WIKI_SP500
GILD,,Health Care,,Biotechnology,2026-02-13T12:14:28.303687,WIKI_SP500
HON,,Industrials,,Industrial Conglomerates,2026-02-13T12:14:28.305967,WIKI_SP500
IDXX,,Health Care,,Health Care Equipment,2026-02-13T12:14:28.307515,WIKI_SP500
INSM,,Health Care,,Biotechnology,2026-02-13T12:14:28.605036,WIKI_NASDAQ100
INTC,,Information Technology,,Semiconductors,2026-02-13T12:14:28.308530,WIKI_SP500
INTU,,Information Technology,,Application Software,2026-02-13T12:14:28.309327,WIKI_SP500
ISRG,,Health Care,,Health Care Equipment,2026-02-13T12:14:28.309496,WIKI_SP500
KDP,,Consumer Staples,,Soft Drinks & Non-alcoholic Beverages,2026-02-13T12:14:28.311683,WIKI_SP500
KLAC,,Information Technology,,Semiconductor Materials & Equipment,2026-02-13T12:14:28.312694,WIKI_SP500
KHC,,Consumer Staples,,Packaged Foods & Meats,2026-02-13T12:14:28.312815,WIKI_SP500
LRCX,,Information Technology,,Semiconductor Materials & Equipment,2026-02-13T12:14:28.313384,WIKI_SP500
LIN,,Materials,,Industrial Gases,2026-02-13T12:14:28.314341,WIKI_SP500
MAR,,Consumer Discretionary,,"Hotels, Resorts & Cruise Lines",2026-02-13T12:14:28.315853,WIKI_SP500
MRVL,,Information Technology,,Semiconductors,2026-02-13T12:14:28.605157,WIKI_NASDAQ100
MELI,,Consumer Discretionary,,Catalog/Specialty Distribution,2026-02-13T12:14:28.605354,WIKI_NASDAQ100
META,,Communication Services,,Interactive Media & Services,2026-02-13T12:14:28.317721,WIKI_SP500
MCHP,,Information Technology,,Semiconductors,2026-02-13T12:14:28.318330,WIKI_SP500
MU,,Information Technology,,Semiconductors,2026-02-13T12:14:28.399058,WIKI_SP500
MSFT,,Information Technology,,Systems Software,2026-02-13T12:14:28.399252,WIKI_SP500
MSTR,,Information Technology,,Computer Software,2026-02-13T12:14:28.605500,WIKI_NASDAQ100
MDLZ,,Consumer Staples,,Packaged Foods & Meats,2026-02-13T12:14:28.400211,WIKI_SP500
MPWR,,Information Technology,,Semiconductors,2026-02-13T12:14:28.400341,WIKI_SP500
MNST,,Consumer Staples,,Soft Drinks & Non-alcoholic Beverages,2026-02-13T12:14:28.400489,WIKI_SP500
NFLX,,Communication Services,,Movies & Entertainment,2026-02-13T12:14:28.401512,WIKI_SP500
NVDA,,Information Technology,,Semiconductors,2026-02-13T12:14:28.403556,WIKI_SP500
NXPI,,Information Technology,,Semiconductors,2026-02-13T12:14:28.405318,WIKI_SP500
ORLY,,Consumer Discretionary,,Automotive Retail,2026-02-13T12:14:28.405468,WIKI_SP500
ODFL,,Industrials,,Cargo Ground Transportation,2026-02-13T12:14:28.405838,WIKI_SP500
PCAR,,Industrials,,Construction Machinery & Heavy Transportation Equipment,2026-02-13T12:14:28.406567,WIKI_SP500
PLTR,,Information Technology,,Application Software,2026-02-13T12:14:28.406835,WIKI_SP500
PANW,,Information Technology,,Systems Software,2026-02-13T12:14:28.406966,WIKI_SP500
PAYX,,Industrials,,Human Resource & Employment Services,2026-02-13T12:14:28.408831,WIKI_SP500
PYPL,,Financials,,Transaction & Payment Processing Services,2026-02-13T12:14:28.409083,WIKI_SP500
PDD,,Information Technology,,EDP Services,2026-02-13T12:14:28.605647,WIKI_NASDAQ100
PEP,,Consumer Staples,,Soft Drinks & Non-alcoholic Beverages,2026-02-13T12:14:28.409345,WIKI_SP500
QCOM,,Information Technology,,Semiconductors,2026-02-13T12:14:28.427325,WIKI_SP500
REGN,,Health Care,,Biotechnology,2026-02-13T12:14:28.498608,WIKI_SP500
ROP,,Information Technology,,Electronic Equipment & Instruments,2026-02-13T12:14:28.500568,WIKI_SP500
ROST,,Consumer Discretionary,,Apparel Retail,2026-02-13T12:14:28.500721,WIKI_SP500
STX,,Information Technology,,"Technology Hardware, Storage & Peripherals",2026-02-13T12:14:28.501578,WIKI_SP500
SHOP,,Information Technology,,Computer Software,2026-02-13T12:14:28.605772,WIKI_NASDAQ100
SBUX,,Consumer Discretionary,,Restaurants,2026-02-13T12:14:28.503754,WIKI_SP500
SNPS,,Information Technology,,Application Software,2026-02-13T12:14:28.505316,WIKI_SP500
TMUS,,Communication Services,,Wireless Telecommunication Services,2026-02-13T12:14:28.505805,WIKI_SP500
TTWO,,Communication Services,,Interactive Home Entertainment,2026-02-13T12:14:28.506057,WIKI_SP500
TSLA,,Consumer Discretionary,,Automobile Manufacturers,2026-02-13T12:14:28.508093,WIKI_SP500
TXN,,Information Technology,,Semiconductors,2026-02-13T12:14:28.508224,WIKI_SP500
TRI,,Information Technology,,Computer Software,2026-02-13T12:14:28.605891,WIKI_NASDAQ100
VRSK,,Industrials,,Research & Consulting Services,2026-02-13T12:14:28.515439,WIKI_SP500
VRTX,,Health Care,,Biotechnology,2026-02-13T12:14:28.599776,WIKI_SP500
WMT,,Consumer Staples,,Consumer Staples Merchandise Retail,2026-02-13T12:14:28.601177,WIKI_SP500
WBD,,Communication Services,,Broadcasting,2026-02-13T12:14:28.601435,WIKI_SP500
WDC,,Information Technology,,"Technology Hardware, Storage & Peripherals",2026-02-13T12:14:28.602416,WIKI_SP500
WDAY,,Information Technology,,Application Software,2026-02-13T12:14:28.603290,WIKI_SP500
XEL,,Utilities,,Multi-Utilities,2026-02-13T12:14:28.603683,WIKI_SP500
MMM,,Industrials,,Industrial Conglomerates,2026-02-13T12:14:28.109037,WIKI_SP500
AOS,,Industrials,,Building Products,2026-02-13T12:14:28.109457,WIKI_SP500
ABT,,Health Care,,Health Care Equipment,2026-02-13T12:14:28.109712,WIKI_SP500
ABBV,,Health Care,,Biotechnology,2026-02-13T12:14:28.109853,WIKI_SP500
ACN,,Information Technology,,IT Consulting & Other Services,2026-02-13T12:14:28.109986,WIKI_SP500
AES,,Utilities,,Independent Power Producers & Energy Traders,2026-02-13T12:14:28.110490,WIKI_SP500
AFL,,Financials,,Life & Health Insurance,2026-02-13T12:14:28.110728,WIKI_SP500
A,,Health Care,,Life Sciences Tools & Services,2026-02-13T12:14:28.110856,WIKI_SP500
APD,,Materials,,Industrial Gases,2026-02-13T12:14:28.110981,WIKI_SP500
AKAM,,Information Technology,,Internet Services & Infrastructure,2026-02-13T12:14:28.111250,WIKI_SP500
ALB,,Materials,,Specialty Chemicals,2026-02-13T12:14:28.111427,WIKI_SP500
ARE,,Real Estate,,Office REITs,2026-02-13T12:14:28.111697,WIKI_SP500
ALGN,,Health Care,,Health Care Supplies,2026-02-13T12:14:28.111833,WIKI_SP500
ALLE,,Industrials,,Building Products,2026-02-13T12:14:28.112019,WIKI_SP500
LNT,,Utilities,,Electric Utilities,2026-02-13T12:14:28.112215,WIKI_SP500
ALL,,Financials,,Property & Casualty Insurance,2026-02-13T12:14:28.112361,WIKI_SP500
MO,,Consumer Staples,,Tobacco,2026-02-13T12:14:28.113282,WIKI_SP500
AMCR,,Materials,,Paper & Plastic Packaging Products & Materials,2026-02-13T12:14:28.113755,WIKI_SP500
AEE,,Utilities,,Multi-Utilities,2026-02-13T12:14:28.113947,WIKI_SP500
AXP,,Financials,,Consumer Finance,2026-02-13T12:14:28.114268,WIKI_SP500
AIG,,Financials,,Multi-line Insurance,2026-02-13T12:14:28.114501,WIKI_SP500
AMT,,Real Estate,,Telecom Tower REITs,2026-02-13T12:14:28.114742,WIKI_SP500
AWK,,Utilities,,Water Utilities,2026-02-13T12:14:28.114909,WIKI_SP500
AMP,,Financials,,Asset Management & Custody Banks,2026-02-13T12:14:28.115032,WIKI_SP500
AME,,Industrials,,Electrical Components & Equipment,2026-02-13T12:14:28.115162,WIKI_SP500
APH,,Information Technology,,Electronic Components,2026-02-13T12:14:28.115494,WIKI_SP500
AON,,Financials,,Insurance Brokers,2026-02-13T12:14:28.115818,WIKI_SP500
APA,,Energy,,Oil & Gas Exploration & Production,2026-02-13T12:14:28.115938,WIKI_SP500
APO,,Financials,,Asset Management & Custody Banks,2026-02-13T12:14:28.116058,WIKI_SP500
APTV,,Consumer Discretionary,,Automotive Parts & Equipment,2026-02-13T12:14:28.116680,WIKI_SP500
ACGL,,Financials,,Property & Casualty Insurance,2026-02-13T12:14:28.116800,WIKI_SP500
ADM,,Consumer Staples,,Agricultural Products & Services,2026-02-13T12:14:28.116927,WIKI_SP500
ARES,,Financials,,Asset Management & Custody Banks,2026-02-13T12:14:28.117048,WIKI_SP500
ANET,,Information Technology,,Communications Equipment,2026-02-13T12:14:28.117165,WIKI_SP500
AJG,,Financials,,Insurance Brokers,2026-02-13T12:14:28.117317,WIKI_SP500
AIZ,,Financials,,Multi-line Insurance,2026-02-13T12:14:28.117528,WIKI_SP500
T,,Communication Services,,Integrated Telecommunication Services,2026-02-13T12:14:28.117686,WIKI_SP500
ATO,,Utilities,,Gas Utilities,2026-02-13T12:14:28.117842,WIKI_SP500
AZO,,Consumer Discretionary,,Automotive Retail,2026-02-13T12:14:28.118349,WIKI_SP500
AVB,,Real Estate,,Multi-Family Residential REITs,2026-02-13T12:14:28.118504,WIKI_SP500
AVY,,Materials,,Paper & Plastic Packaging Products & Materials,2026-02-13T12:14:28.118699,WIKI_SP500
BALL,,Materials,,"Metal, Glass & Plastic Containers",2026-02-13T12:14:28.119235,WIKI_SP500
BAC,,Financials,,Diversified Banks,2026-02-13T12:14:28.119498,WIKI_SP500
BAX,,Health Care,,Health Care Equipment,2026-02-13T12:14:28.119745,WIKI_SP500
BDX,,Health Care,,Health Care Equipment,2026-02-13T12:14:28.119933,WIKI_SP500
BRK.B,,Financials,,Multi-Sector Holdings,2026-02-13T12:14:28.120151,WIKI_SP500
BBY,,Consumer Discretionary,,Computer & Electronics Retail,2026-02-13T12:14:28.120381,WIKI_SP500
TECH,,Health Care,,Life Sciences Tools & Services,2026-02-13T12:14:28.199063,WIKI_SP500
BIIB,,Health Care,,Biotechnology,2026-02-13T12:14:28.199232,WIKI_SP500
BLK,,Financials,,Asset Management & Custody Banks,2026-02-13T12:14:28.199474,WIKI_SP500
BX,,Financials,,Asset Management & Custody Banks,2026-02-13T12:14:28.199643,WIKI_SP500
XYZ,,Financials,,Transaction & Payment Processing Services,2026-02-13T12:14:28.199783,WIKI_SP500
BK,,Financials,,Asset Management & Custody Banks,2026-02-13T12:14:28.199954,WIKI_SP500
BA,,Industrials,,Aerospace & Defense,2026-02-13T12:14:28.200089,WIKI_SP500
BSX,,Health Care,,Health Care Equipment,2026-02-13T12:14:28.200483,WIKI_SP500
BMY,,Health Care,,Pharmaceuticals,2026-02-13T12:14:28.200729,WIKI_SP500
BR,,Industrials,,Data Processing & Outsourced Services,2026-02-13T12:14:28.201048,WIKI_SP500
BRO,,Financials,,Insurance Brokers,2026-02-13T12:14:28.201248,WIKI_SP500
BF.B,,Consumer Staples,,Distillers & Vintners,2026-02-13T12:14:28.201428,WIKI_SP500
BLDR,,Industrials,,Building Products,2026-02-13T12:14:28.201679,WIKI_SP500
BG,,Consumer Staples,,Agricultural Products & Services,2026-02-13T12:14:28.201915,WIKI_SP500
BXP,,Real Estate,,Office REITs,2026-02-13T12:14:28.202042,WIKI_SP500
CHRW,,Industrials,,Air Freight & Logistics,2026-02-13T12:14:28.202253,WIKI_SP500
CPT,,Real Estate,,Multi-Family Residential REITs,2026-02-13T12:14:28.202871,WIKI_SP500
CPB,,Consumer Staples,,Packaged Foods & Meats,2026-02-13T12:14:28.203065,WIKI_SP500
COF,,Financials,,Consumer Finance,2026-02-13T12:14:28.203243,WIKI_SP500
CAH,,Health Care,,Health Care Distributors,2026-02-13T12:14:28.203449,WIKI_SP500
CCL,,Consumer Discretionary,,"Hotels, Resorts & Cruise Lines",2026-02-13T12:14:28.203690,WIKI_SP500
CARR,,Industrials,,Building Products,2026-02-13T12:14:28.203947,WIKI_SP500
CVNA,,Consumer Discretionary,,Automotive Retail,2026-02-13T12:14:28.204111,WIKI_SP500
CAT,,Industrials,,Construction Machinery & Heavy Transportation Equipment,2026-02-13T12:14:28.204278,WIKI_SP500
CBOE,,Financials,,Financial Exchanges & Data,2026-02-13T12:14:28.204476,WIKI_SP500
CBRE,,Real Estate,,Real Estate Services,2026-02-13T12:14:28.204675,WIKI_SP500
CDW,,Information Technology,,Technology Distributors,2026-02-13T12:14:28.204835,WIKI_SP500
COR,,Health Care,,Health Care Distributors,2026-02-13T12:14:28.204999,WIKI_SP500
CNC,,Health Care,,Managed Health Care,2026-02-13T12:14:28.205157,WIKI_SP500
CNP,,Utilities,,Multi-Utilities,2026-02-13T12:14:28.205316,WIKI_SP500
CF,,Materials,,Fertilizers & Agricultural Chemicals,2026-02-13T12:14:28.205607,WIKI_SP500
CRL,,Health Care,,Life Sciences Tools & Services,2026-02-13T12:14:28.205746,WIKI_SP500
SCHW,,Financials,,Investment Banking & Brokerage,2026-02-13T12:14:28.205870,WIKI_SP500
CVX,,Energy,,Integrated Oil & Gas,2026-02-13T12:14:28.206194,WIKI_SP500
CMG,,Consumer Discretionary,,Restaurants,2026-02-13T12:14:28.206347,WIKI_SP500
CB,,Financials,,Property & Casualty Insurance,2026-02-13T12:14:28.206534,WIKI_SP500
CHD,,Consumer Staples,,Household Products,2026-02-13T12:14:28.206733,WIKI_SP500
CIEN,,Information Technology,,Communications Equipment,2026-02-13T12:14:28.206861,WIKI_SP500
CI,,Health Care,,Health Care Services,2026-02-13T12:14:28.206980,WIKI_SP500
CINF,,Financials,,Property & Casualty Insurance,2026-02-13T12:14:28.207098,WIKI_SP500
C,,Financials,,Diversified Banks,2026-02-13T12:14:28.207524,WIKI_SP500
CFG,,Financials,,Regional Banks,2026-02-13T12:14:28.207714,WIKI_SP500
CLX,,Consumer Staples,,Household Products,2026-02-13T12:14:28.207841,WIKI_SP500
CME,,Financials,,Financial Exchanges & Data,2026-02-13T12:14:28.207962,WIKI_SP500
CMS,,Utilities,,Multi-Utilities,2026-02-13T12:14:28.208079,WIKI_SP500
KO,,Consumer Staples,,Soft Drinks & Non-alcoholic Beverages,2026-02-13T12:14:28.208200,WIKI_SP500
COIN,,Financials,,Financial Exchanges & Data,2026-02-13T12:14:28.208468,WIKI_SP500
CL,,Consumer Staples,,Household Products,2026-02-13T12:14:28.208730,WIKI_SP500
FIX,,Industrials,,Construction & Engineering,2026-02-13T12:14:28.209155,WIKI_SP500
CAG,,Consumer Staples,,Packaged Foods & Meats,2026-02-13T12:14:28.209358,WIKI_SP500
COP,,Energy,,Oil & Gas Exploration & Production,2026-02-13T12:14:28.209675,WIKI_SP500
ED,,Utilities,,Multi-Utilities,2026-02-13T12:14:28.209930,WIKI_SP500
STZ,,Consumer Staples,,Distillers & Vintners,2026-02-13T12:14:28.210092,WIKI_SP500
COO,,Health Care,,Health Care Supplies,2026-02-13T12:14:28.210424,WIKI_SP500
GLW,,Information Technology,,Electronic Components,2026-02-13T12:14:28.210781,WIKI_SP500
CPAY,,Financials,,Transaction & Payment Processing Services,2026-02-13T12:14:28.210955,WIKI_SP500
CTVA,,Materials,,Fertilizers & Agricultural Chemicals,2026-02-13T12:14:28.211115,WIKI_SP500
CTRA,,Energy,,Oil & Gas Exploration & Production,2026-02-13T12:14:28.211645,WIKI_SP500
CRH,,Materials,,Construction Materials,2026-02-13T12:14:28.211827,WIKI_SP500
CCI,,Real Estate,,Telecom Tower REITs,2026-02-13T12:14:28.212078,WIKI_SP500
CMI,,Industrials,,Construction Machinery & Heavy Transportation Equipment,2026-02-13T12:14:28.212475,WIKI_SP500
CVS,,Health Care,,Health Care Services,2026-02-13T12:14:28.212625,WIKI_SP500
DHR,,Health Care,,Life Sciences Tools & Services,2026-02-13T12:14:28.212749,WIKI_SP500
DRI,,Consumer Discretionary,,Restaurants,2026-02-13T12:14:28.212867,WIKI_SP500
DVA,,Health Care,,Health Care Services,2026-02-13T12:14:28.213101,WIKI_SP500
DECK,,Consumer Discretionary,,Footwear,2026-02-13T12:14:28.213245,WIKI_SP500
DE,,Industrials,,Agricultural & Farm Machinery,2026-02-13T12:14:28.213421,WIKI_SP500
DELL,,Information Technology,,"Technology Hardware, Storage & Peripherals",2026-02-13T12:14:28.213581,WIKI_SP500
DAL,,Industrials,,Passenger Airlines,2026-02-13T12:14:28.213735,WIKI_SP500
DVN,,Energy,,Oil & Gas Exploration & Production,2026-02-13T12:14:28.213854,WIKI_SP500
DLR,,Real Estate,,Data Center REITs,2026-02-13T12:14:28.214225,WIKI_SP500
DG,,Consumer Staples,,Consumer Staples Merchandise Retail,2026-02-13T12:14:28.214376,WIKI_SP500
DLTR,,Consumer Staples,,Consumer Staples Merchandise Retail,2026-02-13T12:14:28.214530,WIKI_SP500
D,,Utilities,,Multi-Utilities,2026-02-13T12:14:28.214685,WIKI_SP500
DPZ,,Consumer Discretionary,,Restaurants,2026-02-13T12:14:28.214823,WIKI_SP500
DOV,,Industrials,,Industrial Machinery & Supplies & Components,2026-02-13T12:14:28.215129,WIKI_SP500
DOW,,Materials,,Commodity Chemicals,2026-02-13T12:14:28.215249,WIKI_SP500
DHI,,Consumer Discretionary,,Homebuilding,2026-02-13T12:14:28.215366,WIKI_SP500
DTE,,Utilities,,Multi-Utilities,2026-02-13T12:14:28.215507,WIKI_SP500
DUK,,Utilities,,Electric Utilities,2026-02-13T12:14:28.215652,WIKI_SP500
DD,,Materials,,Specialty Chemicals,2026-02-13T12:14:28.215784,WIKI_SP500
ETN,,Industrials,,Electrical Components & Equipment,2026-02-13T12:14:28.216000,WIKI_SP500
EBAY,,Consumer Discretionary,,Broadline Retail,2026-02-13T12:14:28.216152,WIKI_SP500
ECL,,Materials,,Specialty Chemicals,2026-02-13T12:14:28.216355,WIKI_SP500
EIX,,Utilities,,Electric Utilities,2026-02-13T12:14:28.216526,WIKI_SP500
EW,,Health Care,,Health Care Equipment,2026-02-13T12:14:28.216818,WIKI_SP500
ELV,,Health Care,,Managed Health Care,2026-02-13T12:14:28.217273,WIKI_SP500
EME,,Industrials,,Construction & Engineering,2026-02-13T12:14:28.217456,WIKI_SP500
EMR,,Industrials,,Electrical Components & Equipment,2026-02-13T12:14:28.217650,WIKI_SP500
ETR,,Utilities,,Electric Utilities,2026-02-13T12:14:28.217814,WIKI_SP500
EOG,,Energy,,Oil & Gas Exploration & Production,2026-02-13T12:14:28.217969,WIKI_SP500
EPAM,,Information Technology,,IT Consulting & Other Services,2026-02-13T12:14:28.218132,WIKI_SP500
EQT,,Energy,,Oil & Gas Exploration & Production,2026-02-13T12:14:28.218291,WIKI_SP500
EFX,,Industrials,,Research & Consulting Services,2026-02-13T12:14:28.218464,WIKI_SP500
EQIX,,Real Estate,,Data Center REITs,2026-02-13T12:14:28.218653,WIKI_SP500
EQR,,Real Estate,,Multi-Family Residential REITs,2026-02-13T12:14:28.218824,WIKI_SP500
ERIE,,Financials,,Insurance Brokers,2026-02-13T12:14:28.218989,WIKI_SP500
ESS,,Real Estate,,Multi-Family Residential REITs,2026-02-13T12:14:28.219135,WIKI_SP500
EL,,Consumer Staples,,Personal Care Products,2026-02-13T12:14:28.219256,WIKI_SP500
EG,,Financials,,Reinsurance,2026-02-13T12:14:28.219374,WIKI_SP500
EVRG,,Utilities,,Electric Utilities,2026-02-13T12:14:28.219510,WIKI_SP500
ES,,Utilities,,Electric Utilities,2026-02-13T12:14:28.219652,WIKI_SP500
EXE,,Energy,,Oil & Gas Exploration & Production,2026-02-13T12:14:28.219975,WIKI_SP500
EXPE,,Consumer Discretionary,,"Hotels, Resorts & Cruise Lines",2026-02-13T12:14:28.220098,WIKI_SP500
EXPD,,Industrials,,Air Freight & Logistics,2026-02-13T12:14:28.220263,WIKI_SP500
EXR,,Real Estate,,Self-Storage REITs,2026-02-13T12:14:28.220438,WIKI_SP500
XOM,,Energy,,Integrated Oil & Gas,2026-02-13T12:14:28.220564,WIKI_SP500
FFIV,,Information Technology,,Communications Equipment,2026-02-13T12:14:28.220710,WIKI_SP500
FDS,,Financials,,Financial Exchanges & Data,2026-02-13T12:14:28.220828,WIKI_SP500
FICO,,Information Technology,,Application Software,2026-02-13T12:14:28.220984,WIKI_SP500
FRT,,Real Estate,,Retail REITs,2026-02-13T12:14:28.221266,WIKI_SP500
FDX,,Industrials,,Air Freight & Logistics,2026-02-13T12:14:28.221382,WIKI_SP500
FIS,,Financials,,Transaction & Payment Processing Services,2026-02-13T12:14:28.221541,WIKI_SP500
FITB,,Financials,,Regional Banks,2026-02-13T12:14:28.299507,WIKI_SP500
FSLR,,Information Technology,,Semiconductors,2026-02-13T12:14:28.299862,WIKI_SP500
FE,,Utilities,,Electric Utilities,2026-02-13T12:14:28.300121,WIKI_SP500
FISV,,Financials,,Transaction & Payment Processing Services,2026-02-13T12:14:28.300426,WIKI_SP500
F,,Consumer Discretionary,,Automobile Manufacturers,2026-02-13T12:14:28.300687,WIKI_SP500
FTV,,Industrials,,Industrial Machinery & Supplies & Components,2026-02-13T12:14:28.301007,WIKI_SP500
FOXA,,Communication Services,,Broadcasting,2026-02-13T12:14:28.301238,WIKI_SP500
FOX,,Communication Services,,Broadcasting,2026-02-13T12:14:28.301431,WIKI_SP500
BEN,,Financials,,Asset Management & Custody Banks,2026-02-13T12:14:28.301634,WIKI_SP500
FCX,,Materials,,Copper,2026-02-13T12:14:28.301799,WIKI_SP500
GRMN,,Consumer Discretionary,,Consumer Electronics,2026-02-13T12:14:28.301956,WIKI_SP500
IT,,Information Technology,,IT Consulting & Other Services,2026-02-13T12:14:28.302109,WIKI_SP500
GE,,Industrials,,Aerospace & Defense,2026-02-13T12:14:28.302266,WIKI_SP500
GEV,,Industrials,,Heavy Electrical Equipment,2026-02-13T12:14:28.302637,WIKI_SP500
GEN,,Information Technology,,Systems Software,2026-02-13T12:14:28.302796,WIKI_SP500
GNRC,,Industrials,,Electrical Components & Equipment,2026-02-13T12:14:28.302955,WIKI_SP500
GD,,Industrials,,Aerospace & Defense,2026-02-13T12:14:28.303107,WIKI_SP500
GIS,,Consumer Staples,,Packaged Foods & Meats,2026-02-13T12:14:28.303231,WIKI_SP500
GM,,Consumer Discretionary,,Automobile Manufacturers,2026-02-13T12:14:28.303350,WIKI_SP500
GPC,,Consumer Discretionary,,Distributors,2026-02-13T12:14:28.303516,WIKI_SP500
GPN,,Financials,,Transaction & Payment Processing Services,2026-02-13T12:14:28.303810,WIKI_SP500
GL,,Financials,,Life & Health Insurance,2026-02-13T12:14:28.303959,WIKI_SP500
GDDY,,Information Technology,,Internet Services & Infrastructure,2026-02-13T12:14:28.304105,WIKI_SP500
GS,,Financials,,Investment Banking & Brokerage,2026-02-13T12:14:28.304264,WIKI_SP500
HAL,,Energy,,Oil & Gas Equipment & Services,2026-02-13T12:14:28.304407,WIKI_SP500
HIG,,Financials,,Property & Casualty Insurance,2026-02-13T12:14:28.304530,WIKI_SP500
HAS,,Consumer Discretionary,,Leisure Products,2026-02-13T12:14:28.304698,WIKI_SP500
HCA,,Health Care,,Health Care Facilities,2026-02-13T12:14:28.304867,WIKI_SP500
DOC,,Real Estate,,Health Care REITs,2026-02-13T12:14:28.305020,WIKI_SP500
HSIC,,Health Care,,Health Care Distributors,2026-02-13T12:14:28.305141,WIKI_SP500
HSY,,Consumer Staples,,Packaged Foods & Meats,2026-02-13T12:14:28.305267,WIKI_SP500
HPE,,Information Technology,,"Technology Hardware, Storage & Peripherals",2026-02-13T12:14:28.305404,WIKI_SP500
HLT,,Consumer Discretionary,,"Hotels, Resorts & Cruise Lines",2026-02-13T12:14:28.305528,WIKI_SP500
HOLX,,Health Care,,Health Care Equipment,2026-02-13T12:14:28.305670,WIKI_SP500
HD,,Consumer Discretionary,,Home Improvement Retail,2026-02-13T12:14:28.305803,WIKI_SP500
HRL,,Consumer Staples,,Packaged Foods & Meats,2026-02-13T12:14:28.306109,WIKI_SP500
HST,,Real Estate,,Hotel & Resort REITs,2026-02-13T12:14:28.306228,WIKI_SP500
HWM,,Industrials,,Aerospace & Defense,2026-02-13T12:14:28.306369,WIKI_SP500
HPQ,,Information Technology,,"Technology Hardware, Storage & Peripherals",2026-02-13T12:14:28.306536,WIKI_SP500
HUBB,,Industrials,,Industrial Machinery & Supplies & Components,2026-02-13T12:14:28.306686,WIKI_SP500
HUM,,Health Care,,Managed Health Care,2026-02-13T12:14:28.306810,WIKI_SP500
HBAN,,Financials,,Regional Banks,2026-02-13T12:14:28.306930,WIKI_SP500
HII,,Industrials,,Aerospace & Defense,2026-02-13T12:14:28.307083,WIKI_SP500
IBM,,Information Technology,,IT Consulting & Other Services,2026-02-13T12:14:28.307215,WIKI_SP500
IEX,,Industrials,,Industrial Machinery & Supplies & Components,2026-02-13T12:14:28.307345,WIKI_SP500
ITW,,Industrials,,Industrial Machinery & Supplies & Components,2026-02-13T12:14:28.307783,WIKI_SP500
INCY,,Health Care,,Biotechnology,2026-02-13T12:14:28.308036,WIKI_SP500
IR,,Industrials,,Industrial Machinery & Supplies & Components,2026-02-13T12:14:28.308194,WIKI_SP500
PODD,,Health Care,,Health Care Equipment,2026-02-13T12:14:28.308354,WIKI_SP500
IBKR,,Financials,,Investment Banking & Brokerage,2026-02-13T12:14:28.308716,WIKI_SP500
ICE,,Financials,,Financial Exchanges & Data,2026-02-13T12:14:28.308878,WIKI_SP500
IFF,,Materials,,Specialty Chemicals,2026-02-13T12:14:28.309036,WIKI_SP500
IP,,Materials,,Paper & Plastic Packaging Products & Materials,2026-02-13T12:14:28.309197,WIKI_SP500
IVZ,,Financials,,Asset Management & Custody Banks,2026-02-13T12:14:28.309648,WIKI_SP500
INVH,,Real Estate,,Single-Family Residential REITs,2026-02-13T12:14:28.309813,WIKI_SP500
IQV,,Health Care,,Life Sciences Tools & Services,2026-02-13T12:14:28.309972,WIKI_SP500
IRM,,Real Estate,,Other Specialized REITs,2026-02-13T12:14:28.310138,WIKI_SP500
JBHT,,Industrials,,Cargo Ground Transportation,2026-02-13T12:14:28.310303,WIKI_SP500
JBL,,Information Technology,,Electronic Manufacturing Services,2026-02-13T12:14:28.310483,WIKI_SP500
JKHY,,Financials,,Transaction & Payment Processing Services,2026-02-13T12:14:28.310677,WIKI_SP500
J,,Industrials,,Construction & Engineering,2026-02-13T12:14:28.310858,WIKI_SP500
JNJ,,Health Care,,Pharmaceuticals,2026-02-13T12:14:28.311023,WIKI_SP500
JCI,,Industrials,,Building Products,2026-02-13T12:14:28.311189,WIKI_SP500
JPM,,Financials,,Diversified Banks,2026-02-13T12:14:28.311354,WIKI_SP500
KVUE,,Consumer Staples,,Personal Care Products,2026-02-13T12:14:28.311525,WIKI_SP500
KEY,,Financials,,Regional Banks,2026-02-13T12:14:28.311814,WIKI_SP500
KEYS,,Information Technology,,Electronic Equipment & Instruments,2026-02-13T12:14:28.311979,WIKI_SP500
KMB,,Consumer Staples,,Household Products,2026-02-13T12:14:28.312144,WIKI_SP500
KIM,,Real Estate,,Retail REITs,2026-02-13T12:14:28.312280,WIKI_SP500
KMI,,Energy,,Oil & Gas Storage & Transportation,2026-02-13T12:14:28.312424,WIKI_SP500
KKR,,Financials,,Asset Management & Custody Banks,2026-02-13T12:14:28.312548,WIKI_SP500
KR,,Consumer Staples,,Food Retail,2026-02-13T12:14:28.312941,WIKI_SP500
LHX,,Industrials,,Aerospace & Defense,2026-02-13T12:14:28.313096,WIKI_SP500
LH,,Health Care,,Health Care Services,2026-02-13T12:14:28.313235,WIKI_SP500
LW,,Consumer Staples,,Packaged Foods & Meats,2026-02-13T12:14:28.313527,WIKI_SP500
LVS,,Consumer Discretionary,,Casinos & Gaming,2026-02-13T12:14:28.313687,WIKI_SP500
LDOS,,Industrials,,Diversified Support Services,2026-02-13T12:14:28.313810,WIKI_SP500
LEN,,Consumer Discretionary,,Homebuilding,2026-02-13T12:14:28.313936,WIKI_SP500
LII,,Industrials,,Building Products,2026-02-13T12:14:28.314056,WIKI_SP500
LLY,,Health Care,,Pharmaceuticals,2026-02-13T12:14:28.314179,WIKI_SP500
LYV,,Communication Services,,Movies & Entertainment,2026-02-13T12:14:28.314515,WIKI_SP500
LMT,,Industrials,,Aerospace & Defense,2026-02-13T12:14:28.314713,WIKI_SP500
L,,Financials,,Multi-line Insurance,2026-02-13T12:14:28.314878,WIKI_SP500
LOW,,Consumer Discretionary,,Home Improvement Retail,2026-02-13T12:14:28.315024,WIKI_SP500
LULU,,Consumer Discretionary,,"Apparel, Accessories & Luxury Goods",2026-02-13T12:14:28.315186,WIKI_SP500
LYB,,Materials,,Specialty Chemicals,2026-02-13T12:14:28.315348,WIKI_SP500
MTB,,Financials,,Regional Banks,2026-02-13T12:14:28.315516,WIKI_SP500
MPC,,Energy,,Oil & Gas Refining & Marketing,2026-02-13T12:14:28.315694,WIKI_SP500
MRSH,,Financials,,Insurance Brokers,2026-02-13T12:14:28.316024,WIKI_SP500
MLM,,Materials,,Construction Materials,2026-02-13T12:14:28.316183,WIKI_SP500
MAS,,Industrials,,Building Products,2026-02-13T12:14:28.316350,WIKI_SP500
MA,,Financials,,Transaction & Payment Processing Services,2026-02-13T12:14:28.316533,WIKI_SP500
MTCH,,Communication Services,,Interactive Media & Services,2026-02-13T12:14:28.316718,WIKI_SP500
MKC,,Consumer Staples,,Packaged Foods & Meats,2026-02-13T12:14:28.316895,WIKI_SP500
MCD,,Consumer Discretionary,,Restaurants,2026-02-13T12:14:28.317048,WIKI_SP500
MCK,,Health Care,,Health Care Distributors,2026-02-13T12:14:28.317205,WIKI_SP500
MDT,,Health Care,,Health Care Equipment,2026-02-13T12:14:28.317367,WIKI_SP500
MRK,,Health Care,,Pharmaceuticals,2026-02-13T12:14:28.317539,WIKI_SP500
MET,,Financials,,Life & Health Insurance,2026-02-13T12:14:28.317879,WIKI_SP500
MTD,,Health Care,,Life Sciences Tools & Services,2026-02-13T12:14:28.318039,WIKI_SP500
MGM,,Consumer Discretionary,,Casinos & Gaming,2026-02-13T12:14:28.318187,WIKI_SP500
MAA,,Real Estate,,Multi-Family Residential REITs,2026-02-13T12:14:28.399404,WIKI_SP500
MRNA,,Health Care,,Biotechnology,2026-02-13T12:14:28.399542,WIKI_SP500
MOH,,Health Care,,Managed Health Care,2026-02-13T12:14:28.399702,WIKI_SP500
TAP,,Consumer Staples,,Brewers,2026-02-13T12:14:28.399910,WIKI_SP500
MCO,,Financials,,Financial Exchanges & Data,2026-02-13T12:14:28.400647,WIKI_SP500
MS,,Financials,,Investment Banking & Brokerage,2026-02-13T12:14:28.400775,WIKI_SP500
MOS,,Materials,,Fertilizers & Agricultural Chemicals,2026-02-13T12:14:28.400895,WIKI_SP500
MSI,,Information Technology,,Communications Equipment,2026-02-13T12:14:28.401016,WIKI_SP500
MSCI,,Financials,,Financial Exchanges & Data,2026-02-13T12:14:28.401136,WIKI_SP500
NDAQ,,Financials,,Financial Exchanges & Data,2026-02-13T12:14:28.401257,WIKI_SP500
NTAP,,Information Technology,,"Technology Hardware, Storage & Peripherals",2026-02-13T12:14:28.401376,WIKI_SP500
NEM,,Materials,,Gold,2026-02-13T12:14:28.401657,WIKI_SP500
NWSA,,Communication Services,,Publishing,2026-02-13T12:14:28.401780,WIKI_SP500
NWS,,Communication Services,,Publishing,2026-02-13T12:14:28.401899,WIKI_SP500
NEE,,Utilities,,Multi-Utilities,2026-02-13T12:14:28.402019,WIKI_SP500
NKE,,Consumer Discretionary,,"Apparel, Accessories & Luxury Goods",2026-02-13T12:14:28.402138,WIKI_SP500
NI,,Utilities,,Multi-Utilities,2026-02-13T12:14:28.402256,WIKI_SP500
NDSN,,Industrials,,Industrial Machinery & Supplies & Components,2026-02-13T12:14:28.402384,WIKI_SP500
NSC,,Industrials,,Rail Transportation,2026-02-13T12:14:28.402521,WIKI_SP500
NTRS,,Financials,,Asset Management & Custody Banks,2026-02-13T12:14:28.402663,WIKI_SP500
NOC,,Industrials,,Aerospace & Defense,2026-02-13T12:14:28.402785,WIKI_SP500
NCLH,,Consumer Discretionary,,"Hotels, Resorts & Cruise Lines",2026-02-13T12:14:28.402930,WIKI_SP500
NRG,,Utilities,,Independent Power Producers & Energy Traders,2026-02-13T12:14:28.403287,WIKI_SP500
NUE,,Materials,,Steel,2026-02-13T12:14:28.403431,WIKI_SP500
NVR,,Consumer Discretionary,,Homebuilding,2026-02-13T12:14:28.405150,WIKI_SP500
OXY,,Energy,,Oil & Gas Exploration & Production,2026-02-13T12:14:28.405696,WIKI_SP500
OMC,,Communication Services,,Advertising,2026-02-13T12:14:28.405958,WIKI_SP500
ON,,Information Technology,,Semiconductors,2026-02-13T12:14:28.406078,WIKI_SP500
OKE,,Energy,,Oil & Gas Storage & Transportation,2026-02-13T12:14:28.406196,WIKI_SP500
ORCL,,Information Technology,,Application Software,2026-02-13T12:14:28.406315,WIKI_SP500
OTIS,,Industrials,,Industrial Machinery & Supplies & Components,2026-02-13T12:14:28.406445,WIKI_SP500
PKG,,Materials,,Paper & Plastic Packaging Products & Materials,2026-02-13T12:14:28.406715,WIKI_SP500
PSKY,,Communication Services,,Movies & Entertainment,2026-02-13T12:14:28.408521,WIKI_SP500
PH,,Industrials,,Industrial Machinery & Supplies & Components,2026-02-13T12:14:28.408708,WIKI_SP500
PAYC,,Industrials,,Human Resource & Employment Services,2026-02-13T12:14:28.408961,WIKI_SP500
PNR,,Industrials,,Industrial Machinery & Supplies & Components,2026-02-13T12:14:28.409220,WIKI_SP500
PFE,,Health Care,,Pharmaceuticals,2026-02-13T12:14:28.409480,WIKI_SP500
PCG,,Utilities,,Multi-Utilities,2026-02-13T12:14:28.409623,WIKI_SP500
PM,,Consumer Staples,,Tobacco,2026-02-13T12:14:28.409748,WIKI_SP500
PSX,,Energy,,Oil & Gas Refining & Marketing,2026-02-13T12:14:28.409899,WIKI_SP500
PNW,,Utilities,,Multi-Utilities,2026-02-13T12:14:28.410307,WIKI_SP500
PNC,,Financials,,Diversified Banks,2026-02-13T12:14:28.410451,WIKI_SP500
POOL,,Consumer Discretionary,,Distributors,2026-02-13T12:14:28.410573,WIKI_SP500
PPG,,Materials,,Specialty Chemicals,2026-02-13T12:14:28.410718,WIKI_SP500
PPL,,Utilities,,Electric Utilities,2026-02-13T12:14:28.410837,WIKI_SP500
PFG,,Financials,,Life & Health Insurance,2026-02-13T12:14:28.410956,WIKI_SP500
PG,,Consumer Staples,,Personal Care Products,2026-02-13T12:14:28.411075,WIKI_SP500
PGR,,Financials,,Property & Casualty Insurance,2026-02-13T12:14:28.411194,WIKI_SP500
PLD,,Real Estate,,Industrial REITs,2026-02-13T12:14:28.411313,WIKI_SP500
PRU,,Financials,,Life & Health Insurance,2026-02-13T12:14:28.426443,WIKI_SP500
PEG,,Utilities,,Electric Utilities,2026-02-13T12:14:28.426701,WIKI_SP500
PTC,,Information Technology,,Application Software,2026-02-13T12:14:28.426825,WIKI_SP500
PSA,,Real Estate,,Self-Storage REITs,2026-02-13T12:14:28.426956,WIKI_SP500
PHM,,Consumer Discretionary,,Homebuilding,2026-02-13T12:14:28.427085,WIKI_SP500
PWR,,Industrials,,Construction & Engineering,2026-02-13T12:14:28.427206,WIKI_SP500
DGX,,Health Care,,Health Care Services,2026-02-13T12:14:28.427460,WIKI_SP500
Q,,Information Technology,,Semiconductor Materials & Equipment,2026-02-13T12:14:28.427678,WIKI_SP500
RL,,Consumer Discretionary,,"Apparel, Accessories & Luxury Goods",2026-02-13T12:14:28.427841,WIKI_SP500
RJF,,Financials,,Investment Banking & Brokerage,2026-02-13T12:14:28.427988,WIKI_SP500
RTX,,Industrials,,Aerospace & Defense,2026-02-13T12:14:28.428123,WIKI_SP500
O,,Real Estate,,Retail REITs,2026-02-13T12:14:28.428252,WIKI_SP500
REG,,Real Estate,,Retail REITs,2026-02-13T12:14:28.428474,WIKI_SP500
RF,,Financials,,Regional Banks,2026-02-13T12:14:28.498897,WIKI_SP500
RSG,,Industrials,,Environmental & Facilities Services,2026-02-13T12:14:28.499785,WIKI_SP500
RMD,,Health Care,,Health Care Equipment,2026-02-13T12:14:28.499923,WIKI_SP500
RVTY,,Health Care,,Health Care Equipment,2026-02-13T12:14:28.500046,WIKI_SP500
HOOD,,Financials,,Investment Banking & Brokerage,2026-02-13T12:14:28.500168,WIKI_SP500
ROK,,Industrials,,Electrical Components & Equipment,2026-02-13T12:14:28.500288,WIKI_SP500
ROL,,Industrials,,Environmental & Facilities Services,2026-02-13T12:14:28.500427,WIKI_SP500
RCL,,Consumer Discretionary,,"Hotels, Resorts & Cruise Lines",2026-02-13T12:14:28.500842,WIKI_SP500
SPGI,,Financials,,Financial Exchanges & Data,2026-02-13T12:14:28.500962,WIKI_SP500
CRM,,Information Technology,,Application Software,2026-02-13T12:14:28.501081,WIKI_SP500
SNDK,,Information Technology,,"Technology Hardware, Storage & Peripherals",2026-02-13T12:14:28.501200,WIKI_SP500
SBAC,,Real Estate,,Telecom Tower REITs,2026-02-13T12:14:28.501320,WIKI_SP500
SLB,,Energy,,Oil & Gas Equipment & Services,2026-02-13T12:14:28.501456,WIKI_SP500
SRE,,Utilities,,Multi-Utilities,2026-02-13T12:14:28.501829,WIKI_SP500
NOW,,Information Technology,,Systems Software,2026-02-13T12:14:28.501969,WIKI_SP500
SHW,,Materials,,Specialty Chemicals,2026-02-13T12:14:28.502091,WIKI_SP500
SPG,,Real Estate,,Retail REITs,2026-02-13T12:14:28.502211,WIKI_SP500
SWKS,,Information Technology,,Semiconductors,2026-02-13T12:14:28.502330,WIKI_SP500
SJM,,Consumer Staples,,Packaged Foods & Meats,2026-02-13T12:14:28.502470,WIKI_SP500
SW,,Materials,,Paper & Plastic Packaging Products & Materials,2026-02-13T12:14:28.502774,WIKI_SP500
SNA,,Industrials,,Industrial Machinery & Supplies & Components,2026-02-13T12:14:28.502978,WIKI_SP500
SOLV,,Health Care,,Health Care Technology,2026-02-13T12:14:28.503130,WIKI_SP500
SO,,Utilities,,Electric Utilities,2026-02-13T12:14:28.503251,WIKI_SP500
LUV,,Industrials,,Passenger Airlines,2026-02-13T12:14:28.503371,WIKI_SP500
SWK,,Industrials,,Industrial Machinery & Supplies & Components,2026-02-13T12:14:28.503522,WIKI_SP500
STT,,Financials,,Asset Management & Custody Banks,2026-02-13T12:14:28.503948,WIKI_SP500
STLD,,Materials,,Steel,2026-02-13T12:14:28.504464,WIKI_SP500
STE,,Health Care,,Health Care Equipment,2026-02-13T12:14:28.504666,WIKI_SP500
SYK,,Health Care,,Health Care Equipment,2026-02-13T12:14:28.504795,WIKI_SP500
SMCI,,Information Technology,,"Technology Hardware, Storage & Peripherals",2026-02-13T12:14:28.504916,WIKI_SP500
SYF,,Financials,,Consumer Finance,2026-02-13T12:14:28.505170,WIKI_SP500
SYY,,Consumer Staples,,Food Distributors,2026-02-13T12:14:28.505507,WIKI_SP500
TROW,,Financials,,Asset Management & Custody Banks,2026-02-13T12:14:28.505937,WIKI_SP500
TPR,,Consumer Discretionary,,"Apparel, Accessories & Luxury Goods",2026-02-13T12:14:28.506175,WIKI_SP500
TRGP,,Energy,,Oil & Gas Storage & Transportation,2026-02-13T12:14:28.506293,WIKI_SP500
TGT,,Consumer Staples,,Consumer Staples Merchandise Retail,2026-02-13T12:14:28.506490,WIKI_SP500
TEL,,Information Technology,,Electronic Manufacturing Services,2026-02-13T12:14:28.506635,WIKI_SP500
TDY,,Information Technology,,Electronic Equipment & Instruments,2026-02-13T12:14:28.506758,WIKI_SP500
TER,,Information Technology,,Semiconductor Materials & Equipment,2026-02-13T12:14:28.506889,WIKI_SP500
TPL,,Energy,,Oil & Gas Exploration & Production,2026-02-13T12:14:28.508381,WIKI_SP500
TXT,,Industrials,,Aerospace & Defense,2026-02-13T12:14:28.510452,WIKI_SP500
TMO,,Health Care,,Life Sciences Tools & Services,2026-02-13T12:14:28.510646,WIKI_SP500
TJX,,Consumer Discretionary,,Apparel Retail,2026-02-13T12:14:28.510774,WIKI_SP500
TKO,,Communication Services,,Movies & Entertainment,2026-02-13T12:14:28.510894,WIKI_SP500
TTD,,Communication Services,,Advertising,2026-02-13T12:14:28.511041,WIKI_SP500
TSCO,,Consumer Discretionary,,Other Specialty Retail,2026-02-13T12:14:28.512011,WIKI_SP500
TT,,Industrials,,Building Products,2026-02-13T12:14:28.512179,WIKI_SP500
TDG,,Industrials,,Aerospace & Defense,2026-02-13T12:14:28.512300,WIKI_SP500
TRV,,Financials,,Property & Casualty Insurance,2026-02-13T12:14:28.512453,WIKI_SP500
TRMB,,Information Technology,,Electronic Equipment & Instruments,2026-02-13T12:14:28.512612,WIKI_SP500
TFC,,Financials,,Diversified Banks,2026-02-13T12:14:28.512813,WIKI_SP500
TYL,,Information Technology,,Application Software,2026-02-13T12:14:28.512938,WIKI_SP500
TSN,,Consumer Staples,,Packaged Foods & Meats,2026-02-13T12:14:28.513058,WIKI_SP500
USB,,Financials,,Diversified Banks,2026-02-13T12:14:28.513177,WIKI_SP500
UBER,,Industrials,,Passenger Ground Transportation,2026-02-13T12:14:28.513297,WIKI_SP500
UDR,,Real Estate,,Multi-Family Residential REITs,2026-02-13T12:14:28.513434,WIKI_SP500
ULTA,,Consumer Discretionary,,Other Specialty Retail,2026-02-13T12:14:28.513930,WIKI_SP500
UNP,,Industrials,,Rail Transportation,2026-02-13T12:14:28.514064,WIKI_SP500
UAL,,Industrials,,Passenger Airlines,2026-02-13T12:14:28.514186,WIKI_SP500
UPS,,Industrials,,Air Freight & Logistics,2026-02-13T12:14:28.514304,WIKI_SP500
URI,,Industrials,,Trading Companies & Distributors,2026-02-13T12:14:28.514471,WIKI_SP500
UNH,,Health Care,,Managed Health Care,2026-02-13T12:14:28.514663,WIKI_SP500
UHS,,Health Care,,Health Care Facilities,2026-02-13T12:14:28.514789,WIKI_SP500
VLO,,Energy,,Oil & Gas Refining & Marketing,2026-02-13T12:14:28.514908,WIKI_SP500
VTR,,Real Estate,,Health Care REITs,2026-02-13T12:14:28.515027,WIKI_SP500
VLTO,,Industrials,,Environmental & Facilities Services,2026-02-13T12:14:28.515154,WIKI_SP500
VRSN,,Information Technology,,Internet Services & Infrastructure,2026-02-13T12:14:28.515276,WIKI_SP500
VZ,,Communication Services,,Integrated Telecommunication Services,2026-02-13T12:14:28.599208,WIKI_SP500
VTRS,,Health Care,,Pharmaceuticals,2026-02-13T12:14:28.599916,WIKI_SP500
VICI,,Real Estate,,Hotel & Resort REITs,2026-02-13T12:14:28.600043,WIKI_SP500
V,,Financials,,Transaction & Payment Processing Services,2026-02-13T12:14:28.600169,WIKI_SP500
VST,,Utilities,,Electric Utilities,2026-02-13T12:14:28.600291,WIKI_SP500
VMC,,Materials,,Construction Materials,2026-02-13T12:14:28.600428,WIKI_SP500
WRB,,Financials,,Property & Casualty Insurance,2026-02-13T12:14:28.600566,WIKI_SP500
GWW,,Industrials,,Industrial Machinery & Supplies & Components,2026-02-13T12:14:28.600859,WIKI_SP500
WAB,,Industrials,,Construction Machinery & Heavy Transportation Equipment,2026-02-13T12:14:28.601011,WIKI_SP500
DIS,,Communication Services,,Movies & Entertainment,2026-02-13T12:14:28.601300,WIKI_SP500
WM,,Industrials,,Environmental & Facilities Services,2026-02-13T12:14:28.601559,WIKI_SP500
WAT,,Health Care,,Life Sciences Tools & Services,2026-02-13T12:14:28.601730,WIKI_SP500
WEC,,Utilities,,Electric Utilities,2026-02-13T12:14:28.601872,WIKI_SP500
WFC,,Financials,,Diversified Banks,2026-02-13T12:14:28.602031,WIKI_SP500
WELL,,Real Estate,,Health Care REITs,2026-02-13T12:14:28.602152,WIKI_SP500
WST,,Health Care,,Health Care Supplies,2026-02-13T12:14:28.602272,WIKI_SP500
WY,,Real Estate,,Timber REITs,2026-02-13T12:14:28.602541,WIKI_SP500
WSM,,Consumer Discretionary,,Homefurnishing Retail,2026-02-13T12:14:28.602917,WIKI_SP500
WMB,,Energy,,Oil & Gas Storage & Transportation,2026-02-13T12:14:28.603049,WIKI_SP500
WTW,,Financials,,Insurance Brokers,2026-02-13T12:14:28.603170,WIKI_SP500
WYNN,,Consumer Discretionary,,Casinos & Gaming,2026-02-13T12:14:28.603428,WIKI_SP500
XYL,,Industrials,,Industrial Machinery & Supplies & Components,2026-02-13T12:14:28.603816,WIKI_SP500
YUM,,Consumer Discretionary,,Restaurants,2026-02-13T12:14:28.603947,WIKI_SP500
